{"target_label_names": ["pose_z", "pose_Rx", "pose_Ry", "shear_x", "shear_y"], "target_weights": [0.6810959059297267, 0.5545884034038638, 1.3156270009671907, 0.5015920407858105, 0.5610195069879376], "label_names": ["pose_x", "pose_y", "pose_z", "pose_Rx", "pose_Ry", "pose_Rz", "shear_x", "shear_y", "shear_z", "shear_Rx", "shear_Ry", "shear_Rz"], "llims": [0.0, 0.0, 0.5, -25.0, -25.0, 0.0, -5.0, -5.0, 0.0, 0.0, 0.0, -5.0], "ulims": [0.0, 0.0, 3.0, 25.0, 25.0, 0.0, 5.0, 5.0, 0.0, 0.0, 0.0, 5.0], "periodic_label_names": ["pose_Rx", "pose_Ry", "pose_Rz"]}